{"map": 2, "lives": 3, "health": 20.135797955000356, "total_time": 13722.153487519}